cultura,precipitacao_mm_dia,umidade_especifica_2m_g_kg,umidade_relativa_2m_pct,temperatura_2m_c,rendimento_t_ha,cluster,outlier,score_anomalia,pca_1,pca_2
"Cocoa, beans",2248.92,17.72,83.4,26.01,11560,2,False,0.07118155387136316,-2.2495723686355955,-0.5708095312582007
"Cocoa, beans",1938.42,17.54,82.11,26.11,11253,2,True,-0.010746646089261791,-3.921370680696902,0.17922499865981584
"Cocoa, beans",2301.54,17.81,82.79,26.24,9456,2,False,0.04883323175083498,-2.2084060948668838,0.4487831591460953
"Cocoa, beans",2592.35,17.61,85.07,25.56,9321,2,True,-0.016268752432105682,-1.0066286278529253,-2.983475915429647
"Cocoa, beans",2344.72,17.61,84.12,25.76,8800,2,False,0.060013106951563366,-1.9669285227539568,-1.83519441983574
"Cocoa, beans",2339.3,17.7,84.54,25.76,8850,2,False,0.07306535439509865,-1.569072218154771,-1.8534039812236776
"Cocoa, beans",2326.09,18.09,84.63,26.11,9003,2,False,0.12805660754611353,-0.642789875422092,-0.2317126451927959
"Cocoa, beans",2718.08,18.3,85.43,26.12,9880,1,False,0.14206230489922217,1.02789333741268,-0.4806403230778592
"Cocoa, beans",2061.61,17.8,84.36,25.88,9201,2,False,0.0691518549504726,-2.002616138028557,-1.062334886886584
"Cocoa, beans",1934.62,17.94,83.43,26.21,8300,2,False,0.051245182449357274,-2.374936951064214,0.5911947568668181
"Cocoa, beans",2217.12,18.03,84.39,26.1,5765,2,False,0.11735238031631595,-1.1238218321327347,-0.17979555578072193
"Cocoa, beans",2249.7,18.01,84.24,26.11,5812,2,False,0.12102761201303597,-1.1746117772820652,-0.14783909764718275
"Cocoa, beans",2530.96,18.15,85.33,26.02,6667,1,False,0.13415628960926568,0.25184988372827166,-0.8309435559396714
"Cocoa, beans",2504.7,18.19,85.45,26.02,6530,1,False,0.13686444775666862,0.34105818377729974,-0.7954392749599135
"Cocoa, beans",2686.2,18.38,85.77,26.13,6912,1,False,0.13501360172336635,1.311132349016574,-0.4337722084981524
"Cocoa, beans",2414.79,18.18,85.76,25.93,7138,1,False,0.09842264127356215,0.26912578118845903,-1.1305362220315243
"Cocoa, beans",1999.53,18.2,84.36,26.27,7525,0,False,0.08523785816442975,-1.1911079820637802,0.7655624165429676
"Cocoa, beans",2362.8,18.7,84.03,26.79,7663,0,False,0.02921913733322201,0.5660649910279686,2.941364507051906
"Cocoa, beans",2792.95,18.24,86.04,25.95,8300,1,False,0.0937046803642026,1.3368902221556138,-1.3711390025518735
"Cocoa, beans",2751.24,18.31,85.98,26.02,9274,1,False,0.12043502734017036,1.381414618006448,-0.9997195581116879
"Cocoa, beans",2646.28,18.4,86.02,26.1,9956,1,False,0.12105549996118875,1.3941374936628328,-0.5582482243258413
"Cocoa, beans",2302.99,18.22,84.48,26.25,9801,0,False,0.1406657271812286,-0.4644055918107852,0.4616809074463631
"Cocoa, beans",2692.34,18.37,85.54,26.18,7965,1,False,0.13898276624757916,1.1978629650424046,-0.2163773807228158
"Cocoa, beans",2424.55,18.28,85.16,26.18,7919,1,False,0.1338944655270548,0.25545814476567147,-0.00733245819002398
"Cocoa, beans",2363.63,18.35,84.92,26.28,8226,0,False,0.13354652358957042,0.17176191007650182,0.53719213363282
"Cocoa, beans",2892.78,18.49,86.09,26.18,10062,1,False,0.06905169066115602,2.153904549753226,-0.39354472553994685
"Cocoa, beans",2729.53,18.41,86.03,26.11,12362,1,False,0.1269890751096155,1.5963739901590448,-0.5796451659067395
"Cocoa, beans",3085.79,18.34,86.1,26.03,13056,1,False,0.042288563112373945,2.2059817935804475,-1.2221291050498835
"Cocoa, beans",2922.18,18.43,85.51,26.23,10058,1,False,0.08916569818885439,1.7950110465074895,-0.13652100981626866
"Cocoa, beans",2546.33,18.43,84.23,26.49,7795,0,False,0.0885703110574576,0.40891201012975587,1.4142248842187117
"Cocoa, beans",2938.29,18.22,85.42,26.06,10737,1,False,0.08823612215542254,1.3001219260464452,-0.9455063281743323
"Cocoa, beans",2771.73,18.38,84.98,26.3,7979,1,False,0.10820341853951743,1.119634742843359,0.3121429752208875
"Cocoa, beans",2607.96,18.37,84.67,26.35,7066,0,False,0.12630306130633523,0.607799134468388,0.6884862288993534
"Cocoa, beans",2604.59,18.19,83.44,26.43,7991,0,False,0.06394185576096456,-0.40154732157206247,1.1240266359042155
"Cocoa, beans",2308.51,18.27,83.65,26.47,11108,0,False,0.09040370073680426,-0.7267581242508836,1.5096979086711941
"Cocoa, beans",2410.13,18.58,83.45,26.81,11487,0,False,0.03461220588313774,0.11711683043430163,3.0027205809638997
"Cocoa, beans",2967.41,18.67,85.48,26.46,7314,1,False,0.0007856387568521139,2.434134432403587,0.8975564576759499
"Cocoa, beans",2333.46,18.5,84.85,26.43,9502,0,False,0.09688015307329628,0.4235935137952802,1.2659171923710326
"Cocoa, beans",2109.34,18.51,83.52,26.72,8848,0,False,0.017221715168081464,-0.64265974339384,2.8262848328790557
Oil palm fruit,2248.92,17.72,83.4,26.01,169783,2,False,0.057246193981795646,-2.2495723686355955,-0.5708095312582007
Oil palm fruit,1938.42,17.54,82.11,26.11,201436,2,True,-0.020964947810704238,-3.921370680696902,0.17922499865981584
Oil palm fruit,2301.54,17.81,82.79,26.24,152343,2,False,0.04645289892077409,-2.2084060948668838,0.4487831591460953
Oil palm fruit,2592.35,17.61,85.07,25.56,181826,2,True,-0.002356916270556342,-1.0066286278529253,-2.983475915429647
Oil palm fruit,2344.72,17.61,84.12,25.76,178183,2,False,0.05071599243265723,-1.9669285227539568,-1.83519441983574
Oil palm fruit,2339.3,17.7,84.54,25.76,169781,2,False,0.06614536464510457,-1.569072218154771,-1.8534039812236776
Oil palm fruit,2326.09,18.09,84.63,26.11,166042,2,False,0.1295980659588259,-0.642789875422092,-0.2317126451927959
Oil palm fruit,2718.08,18.3,85.43,26.12,165262,1,False,0.1437429353687683,1.02789333741268,-0.4806403230778592
Oil palm fruit,2061.61,17.8,84.36,25.88,183004,2,False,0.04883091231132353,-2.002616138028557,-1.062334886886584
Oil palm fruit,1934.62,17.94,83.43,26.21,177543,2,False,0.04650948564669444,-2.374936951064214,0.5911947568668181
Oil palm fruit,2217.12,18.03,84.39,26.1,150428,2,False,0.11894942149957888,-1.1238218321327347,-0.17979555578072193
Oil palm fruit,2249.7,18.01,84.24,26.11,151070,2,False,0.11711837722210733,-1.1746117772820652,-0.14783909764718275
Oil palm fruit,2530.96,18.15,85.33,26.02,172165,1,False,0.12031548309252005,0.25184988372827166,-0.8309435559396714
Oil palm fruit,2504.7,18.19,85.45,26.02,160862,1,False,0.13054978677813256,0.34105818377729974,-0.7954392749599135
Oil palm fruit,2686.2,18.38,85.77,26.13,166136,1,False,0.1378882815914665,1.311132349016574,-0.4337722084981524
Oil palm fruit,2414.79,18.18,85.76,25.93,163541,1,False,0.09673699534294439,0.26912578118845903,-1.1305362220315243
Oil palm fruit,1999.53,18.2,84.36,26.27,164772,0,False,0.0725988836538346,-1.1911079820637802,0.7655624165429676
Oil palm fruit,2362.8,18.7,84.03,26.79,142425,0,False,0.024486142964183832,0.5660649910279686,2.941364507051906
Oil palm fruit,2792.95,18.24,86.04,25.95,165993,1,False,0.10032714090988382,1.3368902221556138,-1.3711390025518735
Oil palm fruit,2751.24,18.31,85.98,26.02,167621,1,False,0.12305831001427026,1.381414618006448,-0.9997195581116879
Oil palm fruit,2646.28,18.4,86.02,26.1,168476,1,False,0.12497826536292156,1.3941374936628328,-0.5582482243258413
Oil palm fruit,2302.99,18.22,84.48,26.25,162240,0,False,0.14036979833865154,-0.4644055918107852,0.4616809074463631
Oil palm fruit,2692.34,18.37,85.54,26.18,175629,1,False,0.13661631433839155,1.1978629650424046,-0.2163773807228158
Oil palm fruit,2424.55,18.28,85.16,26.18,180323,1,False,0.1382340218380465,0.25545814476567147,-0.00733245819002398
Oil palm fruit,2363.63,18.35,84.92,26.28,184629,0,False,0.13463008986752406,0.17176191007650182,0.53719213363282
Oil palm fruit,2892.78,18.49,86.09,26.18,190626,1,False,0.07051172528518146,2.153904549753226,-0.39354472553994685
Oil palm fruit,2729.53,18.41,86.03,26.11,183544,1,False,0.13171160026200263,1.5963739901590448,-0.5796451659067395
Oil palm fruit,3085.79,18.34,86.1,26.03,195523,1,False,0.02726961735376765,2.2059817935804475,-1.2221291050498835
Oil palm fruit,2922.18,18.43,85.51,26.23,182696,1,False,0.08777591959231457,1.7950110465074895,-0.13652100981626866
Oil palm fruit,2546.33,18.43,84.23,26.49,171189,0,False,0.08512704575109309,0.40891201012975587,1.4142248842187117
Oil palm fruit,2938.29,18.22,85.42,26.06,185831,1,False,0.09054818466115944,1.3001219260464452,-0.9455063281743323
Oil palm fruit,2771.73,18.38,84.98,26.3,186959,1,False,0.11909417658597865,1.119634742843359,0.3121429752208875
Oil palm fruit,2607.96,18.37,84.67,26.35,181496,0,False,0.12794131855632956,0.607799134468388,0.6884862288993534
Oil palm fruit,2604.59,18.19,83.44,26.43,203399,0,False,0.06632414150523225,-0.40154732157206247,1.1240266359042155
Oil palm fruit,2308.51,18.27,83.65,26.47,202379,0,False,0.09553534130749403,-0.7267581242508836,1.5096979086711941
Oil palm fruit,2410.13,18.58,83.45,26.81,172601,0,False,0.023483545457247623,0.11711683043430163,3.0027205809638997
Oil palm fruit,2967.41,18.67,85.48,26.46,199074,1,False,0.006749933442345202,2.434134432403587,0.8975564576759499
Oil palm fruit,2333.46,18.5,84.85,26.43,189657,0,False,0.09955266420989012,0.4235935137952802,1.2659171923710326
Oil palm fruit,2109.34,18.51,83.52,26.72,189896,0,False,0.012756364448736401,-0.64265974339384,2.8262848328790557
"Rice, paddy",2248.92,17.72,83.4,26.01,28409,2,False,0.06249635159698674,-2.2495723686355955,-0.5708095312582007
"Rice, paddy",1938.42,17.54,82.11,26.11,27619,2,True,-0.013861114928047313,-3.921370680696902,0.17922499865981584
"Rice, paddy",2301.54,17.81,82.79,26.24,26041,2,False,0.04287115017170917,-2.2084060948668838,0.4487831591460953
"Rice, paddy",2592.35,17.61,85.07,25.56,25187,2,True,-0.022758453864662576,-1.0066286278529253,-2.983475915429647
"Rice, paddy",2344.72,17.61,84.12,25.76,26648,2,False,0.046893499691791796,-1.9669285227539568,-1.83519441983574
"Rice, paddy",2339.3,17.7,84.54,25.76,26399,2,False,0.05230134504398398,-1.569072218154771,-1.8534039812236776
"Rice, paddy",2326.09,18.09,84.63,26.11,24686,2,False,0.12917915823232473,-0.642789875422092,-0.2317126451927959
"Rice, paddy",2718.08,18.3,85.43,26.12,25251,1,False,0.14333606509861885,1.02789333741268,-0.4806403230778592
"Rice, paddy",2061.61,17.8,84.36,25.88,26251,2,False,0.06042567913474661,-2.002616138028557,-1.062334886886584
"Rice, paddy",1934.62,17.94,83.43,26.21,27694,2,False,0.0622331855824626,-2.374936951064214,0.5911947568668181
"Rice, paddy",2217.12,18.03,84.39,26.1,28178,2,False,0.1282293301250403,-1.1238218321327347,-0.17979555578072193
"Rice, paddy",2249.7,18.01,84.24,26.11,29918,2,False,0.11823000234544628,-1.1746117772820652,-0.14783909764718275
"Rice, paddy",2530.96,18.15,85.33,26.02,30348,1,False,0.12718861361799882,0.25184988372827166,-0.8309435559396714
"Rice, paddy",2504.7,18.19,85.45,26.02,30614,1,False,0.13903550756750827,0.34105818377729974,-0.7954392749599135
"Rice, paddy",2686.2,18.38,85.77,26.13,31619,1,False,0.13293458908306316,1.311132349016574,-0.4337722084981524
"Rice, paddy",2414.79,18.18,85.76,25.93,32510,1,False,0.09990045478725379,0.26912578118845903,-1.1305362220315243
"Rice, paddy",1999.53,18.2,84.36,26.27,30676,0,False,0.0902607874252912,-1.1911079820637802,0.7655624165429676
"Rice, paddy",2362.8,18.7,84.03,26.79,28829,0,False,0.027488195859940556,0.5660649910279686,2.941364507051906
"Rice, paddy",2792.95,18.24,86.04,25.95,29415,1,False,0.09663527577484493,1.3368902221556138,-1.3711390025518735
"Rice, paddy",2751.24,18.31,85.98,26.02,30640,1,False,0.12404080823335079,1.381414618006448,-0.9997195581116879
"Rice, paddy",2646.28,18.4,86.02,26.1,31101,1,False,0.1229040698278463,1.3941374936628328,-0.5582482243258413
"Rice, paddy",2302.99,18.22,84.48,26.25,32385,0,False,0.13427559036405812,-0.4644055918107852,0.4616809074463631
"Rice, paddy",2692.34,18.37,85.54,26.18,33596,1,False,0.13942610299480113,1.1978629650424046,-0.2163773807228158
"Rice, paddy",2424.55,18.28,85.16,26.18,33260,1,False,0.13469483240496188,0.25545814476567147,-0.00733245819002398
"Rice, paddy",2363.63,18.35,84.92,26.28,34221,0,False,0.13220821528366444,0.17176191007650182,0.53719213363282
"Rice, paddy",2892.78,18.49,86.09,26.18,33907,1,False,0.0855704757664355,2.153904549753226,-0.39354472553994685
"Rice, paddy",2729.53,18.41,86.03,26.11,35277,1,False,0.12624476732223844,1.5963739901590448,-0.5796451659067395
"Rice, paddy",3085.79,18.34,86.1,26.03,35836,1,False,0.040958234103673274,2.2059817935804475,-1.2221291050498835
"Rice, paddy",2922.18,18.43,85.51,26.23,37205,1,False,0.10130109128563086,1.7950110465074895,-0.13652100981626866
"Rice, paddy",2546.33,18.43,84.23,26.49,36361,0,False,0.09335281235178022,0.40891201012975587,1.4142248842187117
"Rice, paddy",2938.29,18.22,85.42,26.06,37468,1,False,0.10540545176449861,1.3001219260464452,-0.9455063281743323
"Rice, paddy",2771.73,18.38,84.98,26.3,37972,1,False,0.10774858135825632,1.119634742843359,0.3121429752208875
"Rice, paddy",2607.96,18.37,84.67,26.35,38763,0,False,0.1195172572512953,0.607799134468388,0.6884862288993534
"Rice, paddy",2604.59,18.19,83.44,26.43,29855,0,False,0.08454036783825747,-0.40154732157206247,1.1240266359042155
"Rice, paddy",2308.51,18.27,83.65,26.47,40223,0,False,0.09790199023125062,-0.7267581242508836,1.5096979086711941
"Rice, paddy",2410.13,18.58,83.45,26.81,39775,0,False,0.037929967031522294,0.11711683043430163,3.0027205809638997
"Rice, paddy",2967.41,18.67,85.48,26.46,37496,1,False,0.013218652238256023,2.434134432403587,0.8975564576759499
"Rice, paddy",2333.46,18.5,84.85,26.43,37704,0,False,0.10041399825986774,0.4235935137952802,1.2659171923710326
"Rice, paddy",2109.34,18.51,83.52,26.72,42550,0,False,0.03208518953009132,-0.64265974339384,2.8262848328790557
"Rubber, natural",2248.92,17.72,83.4,26.01,9322,2,False,0.06544103157912906,-2.2495723686355955,-0.5708095312582007
"Rubber, natural",1938.42,17.54,82.11,26.11,9223,2,True,-0.031148161166242083,-3.921370680696902,0.17922499865981584
"Rubber, natural",2301.54,17.81,82.79,26.24,9866,2,False,0.04866735280085788,-2.2084060948668838,0.4487831591460953
"Rubber, natural",2592.35,17.61,85.07,25.56,9718,2,True,-0.0033173126504860706,-1.0066286278529253,-2.983475915429647
"Rubber, natural",2344.72,17.61,84.12,25.76,9573,2,False,0.05104469675398937,-1.9669285227539568,-1.83519441983574
"Rubber, natural",2339.3,17.7,84.54,25.76,10024,2,False,0.05889144640617683,-1.569072218154771,-1.8534039812236776
"Rubber, natural",2326.09,18.09,84.63,26.11,10285,2,False,0.13189271618749326,-0.642789875422092,-0.2317126451927959
"Rubber, natural",2718.08,18.3,85.43,26.12,10010,1,False,0.1432906316223529,1.02789333741268,-0.4806403230778592
"Rubber, natural",2061.61,17.8,84.36,25.88,8604,2,False,0.0655215389211129,-2.002616138028557,-1.062334886886584
"Rubber, natural",1934.62,17.94,83.43,26.21,8002,2,False,0.05848089115191357,-2.374936951064214,0.5911947568668181
"Rubber, natural",2217.12,18.03,84.39,26.1,6913,2,False,0.120747626839868,-1.1238218321327347,-0.17979555578072193
"Rubber, natural",2249.7,18.01,84.24,26.11,6546,2,False,0.1200322476659843,-1.1746117772820652,-0.14783909764718275
"Rubber, natural",2530.96,18.15,85.33,26.02,6077,1,False,0.13234286219585356,0.25184988372827166,-0.8309435559396714
"Rubber, natural",2504.7,18.19,85.45,26.02,6333,1,False,0.141415196764677,0.34105818377729974,-0.7954392749599135
"Rubber, natural",2686.2,18.38,85.77,26.13,6448,1,False,0.1339025105656475,1.311132349016574,-0.4337722084981524
"Rubber, natural",2414.79,18.18,85.76,25.93,6562,1,False,0.10045575348477365,0.26912578118845903,-1.1305362220315243
"Rubber, natural",1999.53,18.2,84.36,26.27,6008,0,False,0.08651783992322148,-1.1911079820637802,0.7655624165429676
"Rubber, natural",2362.8,18.7,84.03,26.79,5693,0,False,0.024634228854642504,0.5660649910279686,2.941364507051906
"Rubber, natural",2792.95,18.24,86.04,25.95,5249,1,False,0.08813923575665861,1.3368902221556138,-1.3711390025518735
"Rubber, natural",2751.24,18.31,85.98,26.02,6484,1,False,0.11053120643069914,1.381414618006448,-0.9997195581116879
"Rubber, natural",2646.28,18.4,86.02,26.1,6348,1,False,0.12102060900726619,1.3941374936628328,-0.5582482243258413
"Rubber, natural",2302.99,18.22,84.48,26.25,6597,0,False,0.1417694984461173,-0.4644055918107852,0.4616809074463631
"Rubber, natural",2692.34,18.37,85.54,26.18,7435,1,False,0.14013985053462352,1.1978629650424046,-0.2163773807228158
"Rubber, natural",2424.55,18.28,85.16,26.18,9139,1,False,0.13944493043836415,0.25545814476567147,-0.00733245819002398
"Rubber, natural",2363.63,18.35,84.92,26.28,8857,0,False,0.124306463052824,0.17176191007650182,0.53719213363282
"Rubber, natural",2892.78,18.49,86.09,26.18,10159,1,False,0.0760492263118927,2.153904549753226,-0.39354472553994685
"Rubber, natural",2729.53,18.41,86.03,26.11,9612,1,False,0.12520478144841102,1.5963739901590448,-0.5796451659067395
"Rubber, natural",3085.79,18.34,86.1,26.03,8599,1,False,0.032863528490048255,2.2059817935804475,-1.2221291050498835
"Rubber, natural",2922.18,18.43,85.51,26.23,8337,1,False,0.09593061457188051,1.7950110465074895,-0.13652100981626866
"Rubber, natural",2546.33,18.43,84.23,26.49,9205,0,False,0.08126063070773548,0.40891201012975587,1.4142248842187117
"Rubber, natural",2938.29,18.22,85.42,26.06,9701,1,False,0.0937551917999464,1.3001219260464452,-0.9455063281743323
"Rubber, natural",2771.73,18.38,84.98,26.3,8865,1,False,0.1016703965136771,1.119634742843359,0.3121429752208875
"Rubber, natural",2607.96,18.37,84.67,26.35,7817,0,False,0.12339161896520312,0.607799134468388,0.6884862288993534
"Rubber, natural",2604.59,18.19,83.44,26.43,6275,0,False,0.07777054240886383,-0.40154732157206247,1.1240266359042155
"Rubber, natural",2308.51,18.27,83.65,26.47,6721,0,False,0.09274475386088027,-0.7267581242508836,1.5096979086711941
"Rubber, natural",2410.13,18.58,83.45,26.81,6248,0,False,0.03513566274781099,0.11711683043430163,3.0027205809638997
"Rubber, natural",2967.41,18.67,85.48,26.46,6842,1,False,0.01180085037905343,2.434134432403587,0.8975564576759499
"Rubber, natural",2333.46,18.5,84.85,26.43,5571,0,False,0.09066181234392351,0.4235935137952802,1.2659171923710326
"Rubber, natural",2109.34,18.51,83.52,26.72,5903,0,False,0.03698673713925471,-0.64265974339384,2.8262848328790557
